{
  "signup/addUser-84" : {
    "transaction" : "signup/addUser-84",
    "sampleCount" : 10,
    "errorCount" : 0,
    "errorPct" : 0.0,
    "meanResTime" : 327.8,
    "medianResTime" : 324.5,
    "minResTime" : 321.0,
    "maxResTime" : 340.0,
    "pct1ResTime" : 339.9,
    "pct2ResTime" : 340.0,
    "pct3ResTime" : 340.0,
    "throughput" : 0.5956280898207159,
    "receivedKBytesPerSec" : 1.109124650068497,
    "sentKBytesPerSec" : 0.44323105902674365
  },
  "new/contacts-237" : {
    "transaction" : "new/contacts-237",
    "sampleCount" : 10,
    "errorCount" : 10,
    "errorPct" : 100.0,
    "meanResTime" : 361.99999999999994,
    "medianResTime" : 331.5,
    "minResTime" : 327.0,
    "maxResTime" : 486.0,
    "pct1ResTime" : 479.40000000000003,
    "pct2ResTime" : 486.0,
    "pct3ResTime" : 486.0,
    "throughput" : 0.597621466563079,
    "receivedKBytesPerSec" : 0.6717405351700233,
    "sentKBytesPerSec" : 0.6390581112173549
  },
  "added/img/thinkingTesterIcon.png-255" : {
    "transaction" : "added/img/thinkingTesterIcon.png-255",
    "sampleCount" : 10,
    "errorCount" : 0,
    "errorPct" : 0.0,
    "meanResTime" : 335.29999999999995,
    "medianResTime" : 331.5,
    "minResTime" : 323.0,
    "maxResTime" : 390.0,
    "pct1ResTime" : 384.6,
    "pct2ResTime" : 390.0,
    "pct3ResTime" : 390.0,
    "throughput" : 0.597442944198829,
    "receivedKBytesPerSec" : 1.161863163161668,
    "sentKBytesPerSec" : 0.3891547302545107
  },
  "Total" : {
    "transaction" : "Total",
    "sampleCount" : 70,
    "errorCount" : 20,
    "errorPct" : 28.571428,
    "meanResTime" : 431.8142857142856,
    "medianResTime" : 332.0,
    "minResTime" : 321.0,
    "maxResTime" : 1873.0,
    "pct1ResTime" : 673.3999999999999,
    "pct2ResTime" : 996.9500000000018,
    "pct3ResTime" : 1873.0,
    "throughput" : 3.42197888150176,
    "receivedKBytesPerSec" : 11.807832206931952,
    "sentKBytesPerSec" : 2.674375794387955
  },
  "signup/users-201" : {
    "transaction" : "signup/users-201",
    "sampleCount" : 10,
    "errorCount" : 10,
    "errorPct" : 100.0,
    "meanResTime" : 358.2,
    "medianResTime" : 330.0,
    "minResTime" : 324.0,
    "maxResTime" : 551.0,
    "pct1ResTime" : 535.4000000000001,
    "pct2ResTime" : 551.0,
    "pct3ResTime" : 551.0,
    "throughput" : 0.5957345406886692,
    "receivedKBytesPerSec" : 0.6484430850113189,
    "sentKBytesPerSec" : 0.4520368536280233
  },
  "home/-68" : {
    "transaction" : "home/-68",
    "sampleCount" : 10,
    "errorCount" : 0,
    "errorPct" : 0.0,
    "meanResTime" : 778.6999999999999,
    "medianResTime" : 467.0,
    "minResTime" : 450.0,
    "maxResTime" : 1873.0,
    "pct1ResTime" : 1820.5000000000002,
    "pct2ResTime" : 1873.0,
    "pct3ResTime" : 1873.0,
    "throughput" : 0.5444843732984863,
    "receivedKBytesPerSec" : 1.089606814221932,
    "sentKBytesPerSec" : 0.3785867908091038
  },
  "new/contactList-210" : {
    "transaction" : "new/contactList-210",
    "sampleCount" : 10,
    "errorCount" : 0,
    "errorPct" : 0.0,
    "meanResTime" : 330.9,
    "medianResTime" : 325.5,
    "minResTime" : 321.0,
    "maxResTime" : 372.0,
    "pct1ResTime" : 368.0,
    "pct2ResTime" : 372.0,
    "pct3ResTime" : 372.0,
    "throughput" : 0.5961962678113635,
    "receivedKBytesPerSec" : 0.9293442213676743,
    "sentKBytesPerSec" : 0.46519611130984323
  },
  "new/contacts-243" : {
    "transaction" : "new/contacts-243",
    "sampleCount" : 10,
    "errorCount" : 0,
    "errorPct" : 0.0,
    "meanResTime" : 529.8,
    "medianResTime" : 437.5,
    "minResTime" : 402.0,
    "maxResTime" : 722.0,
    "pct1ResTime" : 719.6,
    "pct2ResTime" : 722.0,
    "pct3ResTime" : 722.0,
    "throughput" : 0.5942476824340386,
    "receivedKBytesPerSec" : 8.661043907475635,
    "sentKBytesPerSec" : 0.45845280187782267
  }
}