[
    {
        "actionName": "Action",
        "steps": [
            {
                "stepId": "STEP1",
                "stepName": "Url: katalon-demo-cura.herokuapp.com",
                "infFile": "t1.inf",
                "time": 1707377684097
            },
            {
                "stepId": "STEP2",
                "stepName": "Link: Login",
                "infFile": "t2.inf",
                "time": 1707377684407
            },
            {
                "stepId": "STEP3",
                "stepName": "Custom Request: json",
                "infFile": "t3.inf",
                "time": 1707377684964
            },
            {
                "stepId": "STEP4",
                "stepName": "Submit Data: authenticate.php",
                "infFile": "t4.inf",
                "time": 1707377685488
            }
        ],
        "transactions": []
    }
]