[{"_id":"65d82b5d3718ca001310a60c","firstName":"Amal","lastName":"Varghese","birthdate":"1999-03-20","owner":"65d828f231cfee0013674f86","__v":0},{"_id":"65d8343431cfee0013674fcf","firstName":"Amal","lastName":"Varghese","birthdate":"1999-03-20","owner":"65d828f231cfee0013674f86","__v":0},{"_id":"65d8366531cfee0013674fe9","firstName":"Amal","lastName":"Varghese","birthdate":"1999-03-20","owner":"65d828f231cfee0013674f86","__v":0},{"_id":"65d8375c3718ca001310a63d","firstName":"Amal","lastName":"Varghese","birthdate":"1999-03-20","owner":"65d828f231cfee0013674f86","__v":0},{"_id":"65d837653718ca001310a63f","firstName":"Amal","lastName":"Varghese","birthdate":"1999-03-20","owner":"65d828f231cfee0013674f86","__v":0},{"_id":"65d8377231cfee0013674fee","firstName":"Amal","lastName":"Varghese","birthdate":"1999-03-20","owner":"65d828f231cfee0013674f86","__v":0},{"_id":"65d8377a3718ca001310a640","firstName":"Amal","lastName":"Varghese","birthdate":"1999-03-20","owner":"65d828f231cfee0013674f86","__v":0},{"_id":"65d837833718ca001310a642","firstName":"Amal","lastName":"Varghese","birthdate":"1999-03-20","owner":"65d828f231cfee0013674f86","__v":0},{"_id":"65d8378d3718ca001310a644","firstName":"Amal","lastName":"Varghese","birthdate":"1999-03-20","owner":"65d828f231cfee0013674f86","__v":0},{"_id":"65d837913718ca001310a645","firstName":"Amal","lastName":"Varghese","birthdate":"1999-03-20","owner":"65d828f231cfee0013674f86","__v":0},{"_id":"65d837983718ca001310a646","firstName":"Amal","lastName":"Varghese","birthdate":"1999-03-20","owner":"65d828f231cfee0013674f86","__v":0},{"_id":"65d8379a3718ca001310a647","firstName":"Amal","lastName":"Varghese","birthdate":"1999-03-20","owner":"65d828f231cfee0013674f86","__v":0},{"_id":"65d837a131cfee0013674ff4","firstName":"Amal","lastName":"Varghese","birthdate":"1999-03-20","owner":"65d828f231cfee0013674f86","__v":0},{"_id":"65d837c231cfee0013674ff7","firstName":"Amal","lastName":"Varghese","birthdate":"1999-03-20","owner":"65d828f231cfee0013674f86","__v":0},{"_id":"65d837ce31cfee0013674ff8","firstName":"Amal","lastName":"Varghese","birthdate":"1999-03-20","owner":"65d828f231cfee0013674f86","__v":0},{"_id":"65d837d631cfee0013674ff9","firstName":"Amal","lastName":"Varghese","birthdate":"1999-03-20","owner":"65d828f231cfee0013674f86","__v":0},{"_id":"65d83e4c3718ca001310a64e","firstName":"Amal","lastName":"Varghese","birthdate":"1999-03-20","owner":"65d828f231cfee0013674f86","__v":0},{"_id":"65d8406f31cfee001367500f","firstName":"Amal","lastName":"Varghese","birthdate":"1999-03-20","owner":"65d828f231cfee0013674f86","__v":0},{"_id":"65d840793718ca001310a657","firstName":"Amal","lastName":"Varghese","birthdate":"1999-03-20","owner":"65d828f231cfee0013674f86","__v":0},{"_id":"65dc5b380164a8001385a6af","firstName":"Amal","lastName":"Varghese","birthdate":"1999-03-20","owner":"65d828f231cfee0013674f86","__v":0}]