<SOAP-ENV:Envelope xmlns:xsi="http://www.w3.org/2001/XMLSchema-instance" xmlns:xsd="http://www.w3.org/2001/XMLSchema" xmlns:SOAP-ENC="http://schemas.xmlsoap.org/soap/encoding/" xmlns:SOAP-ENV="http://schemas.xmlsoap.org/soap/envelope/" xmlns:clr="http://schemas.microsoft.com/soap/encoding/clr/1.0" SOAP-ENV:encodingStyle="http://schemas.xmlsoap.org/soap/encoding/">
<SOAP-ENV:Body>
<a1:TErrorsDataSupervisor id="ref-1" xmlns:a1="http://schemas.microsoft.com/clr/nsassem/ErrorsDataSupervisor/Analysis.LTErrors">
<m_ErrorsContainer href="#ref-3"/>
<m_AlertsContainer href="#ref-4"/>
<m_TrackingPeriodInSec>5</m_TrackingPeriodInSec>
</a1:TErrorsDataSupervisor>
<a2:TErrorsDataContainer id="ref-3" xmlns:a2="http://schemas.microsoft.com/clr/nsassem/ErrorsDataContainer/Analysis.LTErrors">
<m_DataCollection href="#ref-5"/>
<m_IsValid>true</m_IsValid>
<m_NoDataFlag>false</m_NoDataFlag>
<m_PrimaryException xsi:null="1"/>
</a2:TErrorsDataContainer>
<a2:TErrorsDataContainer id="ref-4" xmlns:a2="http://schemas.microsoft.com/clr/nsassem/ErrorsDataContainer/Analysis.LTErrors">
<m_DataCollection href="#ref-6"/>
<m_IsValid>false</m_IsValid>
<m_NoDataFlag>false</m_NoDataFlag>
<m_PrimaryException href="#ref-7"/>
</a2:TErrorsDataContainer>
<a3:ArrayList id="ref-5" xmlns:a3="http://schemas.microsoft.com/clr/ns/System.Collections">
<_items href="#ref-8"/>
<_size>24</_size>
<_version>24</_version>
</a3:ArrayList>
<a3:ArrayList id="ref-6" xmlns:a3="http://schemas.microsoft.com/clr/ns/System.Collections">
<_items href="#ref-9"/>
<_size>0</_size>
<_version>0</_version>
</a3:ArrayList>
<a4:Exception id="ref-7" xmlns:a4="http://schemas.microsoft.com/clr/ns/System">
<ClassName>System.Exception</ClassName>
<Message>Query Selcet from Table failed</Message>
<Data xsi:null="1"/>
<InnerException xsi:null="1"/>
<HelpURL xsi:null="1"/>
<StackTraceString xsi:null="1"/>
<RemoteStackTraceString xsi:null="1"/>
<RemoteStackIndex>0</RemoteStackIndex>
<ExceptionMethod xsi:null="1"/>
<HResult>-2146233088</HResult>
<Source xsi:null="1"/>
<WatsonBuckets xsi:null="1"/>
</a4:Exception>
<SOAP-ENC:Array id="ref-8" SOAP-ENC:arrayType="xsd:anyType[32]">
<item href="#ref-10"/>
<item href="#ref-11"/>
<item href="#ref-12"/>
<item href="#ref-13"/>
<item href="#ref-14"/>
<item href="#ref-15"/>
<item href="#ref-16"/>
<item href="#ref-17"/>
<item href="#ref-18"/>
<item href="#ref-19"/>
<item href="#ref-20"/>
<item href="#ref-21"/>
<item href="#ref-22"/>
<item href="#ref-23"/>
<item href="#ref-24"/>
<item href="#ref-25"/>
<item href="#ref-26"/>
<item href="#ref-27"/>
<item href="#ref-28"/>
<item href="#ref-29"/>
<item href="#ref-30"/>
<item href="#ref-31"/>
<item href="#ref-32"/>
<item href="#ref-33"/>
</SOAP-ENC:Array>
<SOAP-ENC:Array id="ref-9" SOAP-ENC:arrayType="xsd:anyType[0]">
</SOAP-ENC:Array>
<a5:TimeRangeRecord id="ref-10" xmlns:a5="http://schemas.microsoft.com/clr/nsassem/SLARules/Analysis.SLA">
<m_PeriodStartInSec>0</m_PeriodStartInSec>
<m_PeriodEndInSec>5</m_PeriodEndInSec>
<m_Status>rulesStatusNoData</m_Status>
<m_ActualValue>0</m_ActualValue>
<m_ExpectedValue>0</m_ExpectedValue>
<m_FormattedActualValue xsi:null="1"/>
<m_LoadValue>0</m_LoadValue>
</a5:TimeRangeRecord>
<a5:TimeRangeRecord id="ref-11" xmlns:a5="http://schemas.microsoft.com/clr/nsassem/SLARules/Analysis.SLA">
<m_PeriodStartInSec>5</m_PeriodStartInSec>
<m_PeriodEndInSec>10</m_PeriodEndInSec>
<m_Status>rulesStatusNoData</m_Status>
<m_ActualValue>0</m_ActualValue>
<m_ExpectedValue>0</m_ExpectedValue>
<m_FormattedActualValue xsi:null="1"/>
<m_LoadValue>0</m_LoadValue>
</a5:TimeRangeRecord>
<a5:TimeRangeRecord id="ref-12" xmlns:a5="http://schemas.microsoft.com/clr/nsassem/SLARules/Analysis.SLA">
<m_PeriodStartInSec>10</m_PeriodStartInSec>
<m_PeriodEndInSec>15</m_PeriodEndInSec>
<m_Status>rulesStatusNoData</m_Status>
<m_ActualValue>0</m_ActualValue>
<m_ExpectedValue>0</m_ExpectedValue>
<m_FormattedActualValue xsi:null="1"/>
<m_LoadValue>0</m_LoadValue>
</a5:TimeRangeRecord>
<a5:TimeRangeRecord id="ref-13" xmlns:a5="http://schemas.microsoft.com/clr/nsassem/SLARules/Analysis.SLA">
<m_PeriodStartInSec>15</m_PeriodStartInSec>
<m_PeriodEndInSec>20</m_PeriodEndInSec>
<m_Status>rulesStatusNoData</m_Status>
<m_ActualValue>0</m_ActualValue>
<m_ExpectedValue>0</m_ExpectedValue>
<m_FormattedActualValue xsi:null="1"/>
<m_LoadValue>0</m_LoadValue>
</a5:TimeRangeRecord>
<a5:TimeRangeRecord id="ref-14" xmlns:a5="http://schemas.microsoft.com/clr/nsassem/SLARules/Analysis.SLA">
<m_PeriodStartInSec>20</m_PeriodStartInSec>
<m_PeriodEndInSec>25</m_PeriodEndInSec>
<m_Status>rulesStatusNoData</m_Status>
<m_ActualValue>0</m_ActualValue>
<m_ExpectedValue>0</m_ExpectedValue>
<m_FormattedActualValue xsi:null="1"/>
<m_LoadValue>0</m_LoadValue>
</a5:TimeRangeRecord>
<a5:TimeRangeRecord id="ref-15" xmlns:a5="http://schemas.microsoft.com/clr/nsassem/SLARules/Analysis.SLA">
<m_PeriodStartInSec>25</m_PeriodStartInSec>
<m_PeriodEndInSec>30</m_PeriodEndInSec>
<m_Status>rulesStatusNoData</m_Status>
<m_ActualValue>0</m_ActualValue>
<m_ExpectedValue>0</m_ExpectedValue>
<m_FormattedActualValue xsi:null="1"/>
<m_LoadValue>0</m_LoadValue>
</a5:TimeRangeRecord>
<a5:TimeRangeRecord id="ref-16" xmlns:a5="http://schemas.microsoft.com/clr/nsassem/SLARules/Analysis.SLA">
<m_PeriodStartInSec>30</m_PeriodStartInSec>
<m_PeriodEndInSec>35</m_PeriodEndInSec>
<m_Status>rulesStatusNoData</m_Status>
<m_ActualValue>0</m_ActualValue>
<m_ExpectedValue>0</m_ExpectedValue>
<m_FormattedActualValue xsi:null="1"/>
<m_LoadValue>0</m_LoadValue>
</a5:TimeRangeRecord>
<a5:TimeRangeRecord id="ref-17" xmlns:a5="http://schemas.microsoft.com/clr/nsassem/SLARules/Analysis.SLA">
<m_PeriodStartInSec>35</m_PeriodStartInSec>
<m_PeriodEndInSec>40</m_PeriodEndInSec>
<m_Status>rulesStatusNoData</m_Status>
<m_ActualValue>0.4</m_ActualValue>
<m_ExpectedValue>0</m_ExpectedValue>
<m_FormattedActualValue xsi:null="1"/>
<m_LoadValue>0</m_LoadValue>
</a5:TimeRangeRecord>
<a5:TimeRangeRecord id="ref-18" xmlns:a5="http://schemas.microsoft.com/clr/nsassem/SLARules/Analysis.SLA">
<m_PeriodStartInSec>40</m_PeriodStartInSec>
<m_PeriodEndInSec>45</m_PeriodEndInSec>
<m_Status>rulesStatusNoData</m_Status>
<m_ActualValue>0.4</m_ActualValue>
<m_ExpectedValue>0</m_ExpectedValue>
<m_FormattedActualValue xsi:null="1"/>
<m_LoadValue>0</m_LoadValue>
</a5:TimeRangeRecord>
<a5:TimeRangeRecord id="ref-19" xmlns:a5="http://schemas.microsoft.com/clr/nsassem/SLARules/Analysis.SLA">
<m_PeriodStartInSec>45</m_PeriodStartInSec>
<m_PeriodEndInSec>50</m_PeriodEndInSec>
<m_Status>rulesStatusNoData</m_Status>
<m_ActualValue>0.4</m_ActualValue>
<m_ExpectedValue>0</m_ExpectedValue>
<m_FormattedActualValue xsi:null="1"/>
<m_LoadValue>0</m_LoadValue>
</a5:TimeRangeRecord>
<a5:TimeRangeRecord id="ref-20" xmlns:a5="http://schemas.microsoft.com/clr/nsassem/SLARules/Analysis.SLA">
<m_PeriodStartInSec>50</m_PeriodStartInSec>
<m_PeriodEndInSec>55</m_PeriodEndInSec>
<m_Status>rulesStatusNoData</m_Status>
<m_ActualValue>0</m_ActualValue>
<m_ExpectedValue>0</m_ExpectedValue>
<m_FormattedActualValue xsi:null="1"/>
<m_LoadValue>0</m_LoadValue>
</a5:TimeRangeRecord>
<a5:TimeRangeRecord id="ref-21" xmlns:a5="http://schemas.microsoft.com/clr/nsassem/SLARules/Analysis.SLA">
<m_PeriodStartInSec>55</m_PeriodStartInSec>
<m_PeriodEndInSec>60</m_PeriodEndInSec>
<m_Status>rulesStatusNoData</m_Status>
<m_ActualValue>0.4</m_ActualValue>
<m_ExpectedValue>0</m_ExpectedValue>
<m_FormattedActualValue xsi:null="1"/>
<m_LoadValue>0</m_LoadValue>
</a5:TimeRangeRecord>
<a5:TimeRangeRecord id="ref-22" xmlns:a5="http://schemas.microsoft.com/clr/nsassem/SLARules/Analysis.SLA">
<m_PeriodStartInSec>60</m_PeriodStartInSec>
<m_PeriodEndInSec>65</m_PeriodEndInSec>
<m_Status>rulesStatusNoData</m_Status>
<m_ActualValue>0.4</m_ActualValue>
<m_ExpectedValue>0</m_ExpectedValue>
<m_FormattedActualValue xsi:null="1"/>
<m_LoadValue>0</m_LoadValue>
</a5:TimeRangeRecord>
<a5:TimeRangeRecord id="ref-23" xmlns:a5="http://schemas.microsoft.com/clr/nsassem/SLARules/Analysis.SLA">
<m_PeriodStartInSec>65</m_PeriodStartInSec>
<m_PeriodEndInSec>70</m_PeriodEndInSec>
<m_Status>rulesStatusNoData</m_Status>
<m_ActualValue>0</m_ActualValue>
<m_ExpectedValue>0</m_ExpectedValue>
<m_FormattedActualValue xsi:null="1"/>
<m_LoadValue>0</m_LoadValue>
</a5:TimeRangeRecord>
<a5:TimeRangeRecord id="ref-24" xmlns:a5="http://schemas.microsoft.com/clr/nsassem/SLARules/Analysis.SLA">
<m_PeriodStartInSec>70</m_PeriodStartInSec>
<m_PeriodEndInSec>75</m_PeriodEndInSec>
<m_Status>rulesStatusNoData</m_Status>
<m_ActualValue>0</m_ActualValue>
<m_ExpectedValue>0</m_ExpectedValue>
<m_FormattedActualValue xsi:null="1"/>
<m_LoadValue>0</m_LoadValue>
</a5:TimeRangeRecord>
<a5:TimeRangeRecord id="ref-25" xmlns:a5="http://schemas.microsoft.com/clr/nsassem/SLARules/Analysis.SLA">
<m_PeriodStartInSec>75</m_PeriodStartInSec>
<m_PeriodEndInSec>80</m_PeriodEndInSec>
<m_Status>rulesStatusNoData</m_Status>
<m_ActualValue>0</m_ActualValue>
<m_ExpectedValue>0</m_ExpectedValue>
<m_FormattedActualValue xsi:null="1"/>
<m_LoadValue>0</m_LoadValue>
</a5:TimeRangeRecord>
<a5:TimeRangeRecord id="ref-26" xmlns:a5="http://schemas.microsoft.com/clr/nsassem/SLARules/Analysis.SLA">
<m_PeriodStartInSec>80</m_PeriodStartInSec>
<m_PeriodEndInSec>85</m_PeriodEndInSec>
<m_Status>rulesStatusNoData</m_Status>
<m_ActualValue>0</m_ActualValue>
<m_ExpectedValue>0</m_ExpectedValue>
<m_FormattedActualValue xsi:null="1"/>
<m_LoadValue>0</m_LoadValue>
</a5:TimeRangeRecord>
<a5:TimeRangeRecord id="ref-27" xmlns:a5="http://schemas.microsoft.com/clr/nsassem/SLARules/Analysis.SLA">
<m_PeriodStartInSec>85</m_PeriodStartInSec>
<m_PeriodEndInSec>90</m_PeriodEndInSec>
<m_Status>rulesStatusNoData</m_Status>
<m_ActualValue>0</m_ActualValue>
<m_ExpectedValue>0</m_ExpectedValue>
<m_FormattedActualValue xsi:null="1"/>
<m_LoadValue>0</m_LoadValue>
</a5:TimeRangeRecord>
<a5:TimeRangeRecord id="ref-28" xmlns:a5="http://schemas.microsoft.com/clr/nsassem/SLARules/Analysis.SLA">
<m_PeriodStartInSec>90</m_PeriodStartInSec>
<m_PeriodEndInSec>95</m_PeriodEndInSec>
<m_Status>rulesStatusNoData</m_Status>
<m_ActualValue>0.4</m_ActualValue>
<m_ExpectedValue>0</m_ExpectedValue>
<m_FormattedActualValue xsi:null="1"/>
<m_LoadValue>0</m_LoadValue>
</a5:TimeRangeRecord>
<a5:TimeRangeRecord id="ref-29" xmlns:a5="http://schemas.microsoft.com/clr/nsassem/SLARules/Analysis.SLA">
<m_PeriodStartInSec>95</m_PeriodStartInSec>
<m_PeriodEndInSec>100</m_PeriodEndInSec>
<m_Status>rulesStatusNoData</m_Status>
<m_ActualValue>0.4</m_ActualValue>
<m_ExpectedValue>0</m_ExpectedValue>
<m_FormattedActualValue xsi:null="1"/>
<m_LoadValue>0</m_LoadValue>
</a5:TimeRangeRecord>
<a5:TimeRangeRecord id="ref-30" xmlns:a5="http://schemas.microsoft.com/clr/nsassem/SLARules/Analysis.SLA">
<m_PeriodStartInSec>100</m_PeriodStartInSec>
<m_PeriodEndInSec>105</m_PeriodEndInSec>
<m_Status>rulesStatusNoData</m_Status>
<m_ActualValue>0</m_ActualValue>
<m_ExpectedValue>0</m_ExpectedValue>
<m_FormattedActualValue xsi:null="1"/>
<m_LoadValue>0</m_LoadValue>
</a5:TimeRangeRecord>
<a5:TimeRangeRecord id="ref-31" xmlns:a5="http://schemas.microsoft.com/clr/nsassem/SLARules/Analysis.SLA">
<m_PeriodStartInSec>105</m_PeriodStartInSec>
<m_PeriodEndInSec>110</m_PeriodEndInSec>
<m_Status>rulesStatusNoData</m_Status>
<m_ActualValue>0.8</m_ActualValue>
<m_ExpectedValue>0</m_ExpectedValue>
<m_FormattedActualValue xsi:null="1"/>
<m_LoadValue>0</m_LoadValue>
</a5:TimeRangeRecord>
<a5:TimeRangeRecord id="ref-32" xmlns:a5="http://schemas.microsoft.com/clr/nsassem/SLARules/Analysis.SLA">
<m_PeriodStartInSec>110</m_PeriodStartInSec>
<m_PeriodEndInSec>115</m_PeriodEndInSec>
<m_Status>rulesStatusNoData</m_Status>
<m_ActualValue>0.4</m_ActualValue>
<m_ExpectedValue>0</m_ExpectedValue>
<m_FormattedActualValue xsi:null="1"/>
<m_LoadValue>0</m_LoadValue>
</a5:TimeRangeRecord>
<a5:TimeRangeRecord id="ref-33" xmlns:a5="http://schemas.microsoft.com/clr/nsassem/SLARules/Analysis.SLA">
<m_PeriodStartInSec>115</m_PeriodStartInSec>
<m_PeriodEndInSec>116</m_PeriodEndInSec>
<m_Status>rulesStatusNoData</m_Status>
<m_ActualValue>0</m_ActualValue>
<m_ExpectedValue>0</m_ExpectedValue>
<m_FormattedActualValue xsi:null="1"/>
<m_LoadValue>0</m_LoadValue>
</a5:TimeRangeRecord>
</SOAP-ENV:Body>
</SOAP-ENV:Envelope>
