{
  "FilterHeaders": [
    {
      "Header": "x-goog-update-updater",
      "IncludeInScript": false
    },
    {
      "Header": "x-goog-update-interactivity",
      "IncludeInScript": false
    },
    {
      "Header": "x-goog-update-appid",
      "IncludeInScript": false
    },
    {
      "Header": "x-client-data",
      "IncludeInScript": false
    },
    {
      "Header": "user-agent",
      "IncludeInScript": false
    },
    {
      "Header": "upgrade-insecure-requests",
      "IncludeInScript": false
    },
    {
      "Header": "sec-fetch-user",
      "IncludeInScript": false
    },
    {
      "Header": "sec-fetch-site",
      "IncludeInScript": false
    },
    {
      "Header": "sec-fetch-mode",
      "IncludeInScript": false
    },
    {
      "Header": "sec-fetch-dest",
      "IncludeInScript": false
    },
    {
      "Header": "sec-ch-ua-platform",
      "IncludeInScript": false
    },
    {
      "Header": "sec-ch-ua-mobile",
      "IncludeInScript": false
    },
    {
      "Header": "sec-ch-ua",
      "IncludeInScript": false
    },
    {
      "Header": "pragma",
      "IncludeInScript": false
    },
    {
      "Header": "origin",
      "IncludeInScript": false
    },
    {
      "Header": "if-none-match",
      "IncludeInScript": false
    },
    {
      "Header": "if-modified-since",
      "IncludeInScript": false
    },
    {
      "Header": "content-encoding",
      "IncludeInScript": false
    },
    {
      "Header": "cache-control",
      "IncludeInScript": false
    },
    {
      "Header": "authorization",
      "IncludeInScript": false
    },
    {
      "Header": "accept-language",
      "IncludeInScript": false
    },
    {
      "Header": "accept-encoding",
      "IncludeInScript": false
    },
    {
      "Header": "accept",
      "IncludeInScript": false
    }
  ],
  "FilterResources": [
    {
      "IsNonResource": true,
      "type": "text/html"
    },
    {
      "IsNonResource": false,
      "type": "text/css"
    },
    {
      "IsNonResource": false,
      "type": "image/png"
    },
    {
      "IsNonResource": false,
      "type": "application/vnd.google.octet-stream-compressible"
    },
    {
      "IsNonResource": true,
      "type": "application/json"
    },
    {
      "IsNonResource": false,
      "type": "application/javascript"
    }
  ],
  "GeneralInfo": {
    "BrowserVersion": "",
    "IsWinInetMode": false,
    "MaxUsedConnections": 7,
    "RecordedBrowser": "Chrome",
    "RecordingDate": "Feb-12-2024",
    "RecordingDuration": 178469,
    "RecordingMode": "N/A",
    "RecordingTimeStamp": 1707728565,
    "RecordingType": "Browser",
    "TotalBytesReceived": 25991,
    "TotalBytesSent": 33879,
    "TotalRequests": 30,
    "UserAgent": "Mozilla/5.0 (Windows NT 10.0; Win64; x64) AppleWebKit/537.36 (KHTML, like Gecko) Chrome/121.0.0.0 Safari/537.36"
  },
  "HostInfo": [
    {
      "DomainName": "herokuapp.com",
      "Domains": [
        {
          "HTTPVersion": "HTTP/1.1",
          "IP": "3.229.186.102",
          "IncludeInScript": true,
          "Name": "thinking-tester-contact-list.herokuapp.com",
          "Port": 443,
          "Requests": [
            {
              "CompressionType": "",
              "DataType": "",
              "DownloadTime": 234,
              "EventId": 410,
              "HttpStatus": 401,
              "Size": 0,
              "URL": "https://thinking-tester-contact-list.herokuapp.com/users/login"
            },
            {
              "CompressionType": "",
              "DataType": "",
              "DownloadTime": 235,
              "EventId": 401,
              "HttpStatus": 304,
              "Size": 0,
              "URL": "https://thinking-tester-contact-list.herokuapp.com/img/thinkingTesterIcon.png"
            },
            {
              "CompressionType": "",
              "DataType": "",
              "DownloadTime": 234,
              "EventId": 397,
              "HttpStatus": 304,
              "Size": 0,
              "URL": "https://thinking-tester-contact-list.herokuapp.com/js/login.js"
            },
            {
              "CompressionType": "",
              "DataType": "",
              "DownloadTime": 234,
              "EventId": 395,
              "HttpStatus": 304,
              "Size": 0,
              "URL": "https://thinking-tester-contact-list.herokuapp.com/img/thinkingTesterLogo.png"
            },
            {
              "CompressionType": "",
              "DataType": "",
              "DownloadTime": 250,
              "EventId": 393,
              "HttpStatus": 304,
              "Size": 0,
              "URL": "https://thinking-tester-contact-list.herokuapp.com/css/styles.css"
            },
            {
              "CompressionType": "",
              "DataType": "",
              "DownloadTime": 235,
              "EventId": 391,
              "HttpStatus": 304,
              "Size": 0,
              "URL": "https://thinking-tester-contact-list.herokuapp.com/"
            },
            {
              "CompressionType": "",
              "DataType": "",
              "DownloadTime": 250,
              "EventId": 388,
              "HttpStatus": 200,
              "Size": 0,
              "URL": "https://thinking-tester-contact-list.herokuapp.com/users/logout"
            },
            {
              "CompressionType": "",
              "DataType": "",
              "DownloadTime": 235,
              "EventId": 386,
              "HttpStatus": 304,
              "Size": 0,
              "URL": "https://thinking-tester-contact-list.herokuapp.com/img/thinkingTesterIcon.png"
            },
            {
              "CompressionType": "",
              "DataType": "application/javascript",
              "DownloadTime": 234,
              "EventId": 384,
              "HttpStatus": 200,
              "Size": 343,
              "URL": "https://thinking-tester-contact-list.herokuapp.com/js/logout.js"
            },
            {
              "CompressionType": "",
              "DataType": "",
              "DownloadTime": 235,
              "EventId": 382,
              "HttpStatus": 304,
              "Size": 0,
              "URL": "https://thinking-tester-contact-list.herokuapp.com/css/styles.css"
            },
            {
              "CompressionType": "",
              "DataType": "text/html",
              "DownloadTime": 235,
              "EventId": 380,
              "HttpStatus": 200,
              "Size": 234,
              "URL": "https://thinking-tester-contact-list.herokuapp.com/logout"
            },
            {
              "CompressionType": "",
              "DataType": "application/json",
              "DownloadTime": 234,
              "EventId": 374,
              "HttpStatus": 200,
              "Size": 2,
              "URL": "https://thinking-tester-contact-list.herokuapp.com/contacts"
            },
            {
              "CompressionType": "",
              "DataType": "",
              "DownloadTime": 234,
              "EventId": 372,
              "HttpStatus": 304,
              "Size": 0,
              "URL": "https://thinking-tester-contact-list.herokuapp.com/img/thinkingTesterIcon.png"
            },
            {
              "CompressionType": "",
              "DataType": "application/javascript",
              "DownloadTime": 218,
              "EventId": 370,
              "HttpStatus": 200,
              "Size": 3860,
              "URL": "https://thinking-tester-contact-list.herokuapp.com/js/contactList.js"
            },
            {
              "CompressionType": "",
              "DataType": "",
              "DownloadTime": 219,
              "EventId": 366,
              "HttpStatus": 304,
              "Size": 0,
              "URL": "https://thinking-tester-contact-list.herokuapp.com/img/thinkingTesterLogo.png"
            },
            {
              "CompressionType": "",
              "DataType": "",
              "DownloadTime": 234,
              "EventId": 362,
              "HttpStatus": 304,
              "Size": 0,
              "URL": "https://thinking-tester-contact-list.herokuapp.com/css/styles.css"
            },
            {
              "CompressionType": "",
              "DataType": "text/html",
              "DownloadTime": 234,
              "EventId": 358,
              "HttpStatus": 200,
              "Size": 849,
              "URL": "https://thinking-tester-contact-list.herokuapp.com/contactList"
            },
            {
              "CompressionType": "",
              "DataType": "application/json",
              "DownloadTime": 265,
              "EventId": 356,
              "HttpStatus": 201,
              "Size": 271,
              "URL": "https://thinking-tester-contact-list.herokuapp.com/users"
            },
            {
              "CompressionType": "",
              "DataType": "",
              "DownloadTime": 235,
              "EventId": 327,
              "HttpStatus": 304,
              "Size": 0,
              "URL": "https://thinking-tester-contact-list.herokuapp.com/img/thinkingTesterIcon.png"
            },
            {
              "CompressionType": "",
              "DataType": "application/javascript",
              "DownloadTime": 235,
              "EventId": 321,
              "HttpStatus": 200,
              "Size": 1129,
              "URL": "https://thinking-tester-contact-list.herokuapp.com/js/addUser.js"
            },
            {
              "CompressionType": "",
              "DataType": "",
              "DownloadTime": 234,
              "EventId": 319,
              "HttpStatus": 304,
              "Size": 0,
              "URL": "https://thinking-tester-contact-list.herokuapp.com/img/thinkingTesterLogo.png"
            },
            {
              "CompressionType": "",
              "DataType": "",
              "DownloadTime": 235,
              "EventId": 314,
              "HttpStatus": 304,
              "Size": 0,
              "URL": "https://thinking-tester-contact-list.herokuapp.com/css/styles.css"
            },
            {
              "CompressionType": "",
              "DataType": "text/html",
              "DownloadTime": 235,
              "EventId": 311,
              "HttpStatus": 200,
              "Size": 1161,
              "URL": "https://thinking-tester-contact-list.herokuapp.com/addUser"
            },
            {
              "CompressionType": "",
              "DataType": "image/png",
              "DownloadTime": 235,
              "EventId": 261,
              "HttpStatus": 200,
              "Size": 1173,
              "URL": "https://thinking-tester-contact-list.herokuapp.com/img/thinkingTesterIcon.png"
            },
            {
              "CompressionType": "",
              "DataType": "application/javascript",
              "DownloadTime": 235,
              "EventId": 257,
              "HttpStatus": 200,
              "Size": 907,
              "URL": "https://thinking-tester-contact-list.herokuapp.com/js/login.js"
            },
            {
              "CompressionType": "",
              "DataType": "image/png",
              "DownloadTime": 468,
              "EventId": 253,
              "HttpStatus": 200,
              "Size": 12718,
              "URL": "https://thinking-tester-contact-list.herokuapp.com/img/thinkingTesterLogo.png"
            },
            {
              "CompressionType": "",
              "DataType": "text/css",
              "DownloadTime": 235,
              "EventId": 249,
              "HttpStatus": 200,
              "Size": 913,
              "URL": "https://thinking-tester-contact-list.herokuapp.com/css/styles.css"
            },
            {
              "CompressionType": "",
              "DataType": "text/html",
              "DownloadTime": 235,
              "EventId": 245,
              "HttpStatus": 200,
              "Size": 1303,
              "URL": "https://thinking-tester-contact-list.herokuapp.com/"
            }
          ],
          "SSLCipher": "ECDHE-RSA-AES128-GCM-SHA256",
          "SSLVersion": "TLS1.2"
        }
      ],
      "IncludeInScript": true
    },
    {
      "DomainName": "googleapis.com",
      "Domains": [
        {
          "HTTPVersion": "HTTP/1.1",
          "IP": "142.250.205.227",
          "IncludeInScript": true,
          "Name": "update.googleapis.com",
          "Port": 443,
          "Requests": [
            {
              "CompressionType": "gzip",
              "DataType": "application/json",
              "DownloadTime": 266,
              "EventId": 336,
              "HttpStatus": 200,
              "Size": 874,
              "URL": "https://update.googleapis.com/service/update2/json?cup2key=13:ynzZ-cBw9E3hL1V_JkD4ZYfXGkcOi0tXS65BNUFnCb0&cup2hreq=a17573a60deeb345db72c3cdffe53e77aa7fee4f516d7c4f6244f2b9d8346e5e"
            }
          ],
          "SSLCipher": "TLS_AES_256_GCM_SHA384",
          "SSLVersion": "TLS1.3"
        }
      ],
      "IncludeInScript": true
    },
    {
      "DomainName": "google.com",
      "Domains": [
        {
          "HTTPVersion": "HTTP/1.1",
          "IP": "142.250.193.142",
          "IncludeInScript": true,
          "Name": "clients4.google.com",
          "Port": 443,
          "Requests": [
            {
              "CompressionType": "gzip",
              "DataType": "application/vnd.google.octet-stream-compressible",
              "DownloadTime": 344,
              "EventId": 294,
              "HttpStatus": 200,
              "Size": 254,
              "URL": "https://clients4.google.com/chrome-sync/command/?client=Google+Chrome&client_id=7Y7VpF23%2FBe3I1AhxwqNmA%3D%3D"
            }
          ],
          "SSLCipher": "TLS_AES_256_GCM_SHA384",
          "SSLVersion": "TLS1.3"
        }
      ],
      "IncludeInScript": true
    }
  ],
  "WebSocket": {
    "IncludeInScript": false,
    "IsScriptIncludeWebSocket": false
  },
  "NumberOfCorrelations": 0
}