{"OutputFileHashSum":"519D3D178BAE54F9BFE64AACEC91FD52376881EBF3B43D333A8958718616211B","Converted":true,"OutputModifyDate":"2024-02-09T05:06:35.2554136Z","Metadatas":[{"CategoryName":"VuGen.Replay","Offset":2654,"Length":23,"TypeId":1},{"CategoryName":"VuGen.Replay","Offset":2677,"Length":226,"TypeId":2},{"CategoryName":"VuGen.Replay","Offset":5227,"Length":21,"TypeId":1}],"MetadataTypes":[{"CategoryName":"VuGen.Replay","MetadataTypeName":"HP.LR.Vugen.Iteration","Id":1},{"CategoryName":"VuGen.Replay","MetadataTypeName":"Utt.Debugger.Warning","Id":2}]}