[
    {
        "actionName": "Dynamic_Table",
        "steps": [
            {
                "stepId": "STEP2",
                "stepName": "Url: dynamictable",
                "infFile": "t2.inf",
                "time": 1707455193500
            },
            {
                "stepId": "STEP3",
                "stepName": "Custom Request: json",
                "infFile": "t3.inf",
                "time": 1707455193871
            }
        ],
        "transactions": []
    },
    {
        "actionName": "Dynamic_id",
        "steps": [],
        "transactions": []
    }
]