{
  "FilterHeaders": [
    {
      "Header": "user-agent",
      "IncludeInScript": false
    },
    {
      "Header": "upgrade-insecure-requests",
      "IncludeInScript": false
    },
    {
      "Header": "sec-fetch-user",
      "IncludeInScript": false
    },
    {
      "Header": "sec-fetch-site",
      "IncludeInScript": false
    },
    {
      "Header": "sec-fetch-mode",
      "IncludeInScript": false
    },
    {
      "Header": "sec-fetch-dest",
      "IncludeInScript": false
    },
    {
      "Header": "sec-ch-ua-platform",
      "IncludeInScript": false
    },
    {
      "Header": "sec-ch-ua-mobile",
      "IncludeInScript": false
    },
    {
      "Header": "sec-ch-ua",
      "IncludeInScript": false
    },
    {
      "Header": "origin",
      "IncludeInScript": false
    },
    {
      "Header": "cache-control",
      "IncludeInScript": false
    },
    {
      "Header": "accept-language",
      "IncludeInScript": true
    },
    {
      "Header": "accept-encoding",
      "IncludeInScript": false
    },
    {
      "Header": "accept",
      "IncludeInScript": false
    }
  ],
  "FilterResources": [
    {
      "IsNonResource": true,
      "type": "text/html"
    },
    {
      "IsNonResource": false,
      "type": "text/css"
    },
    {
      "IsNonResource": false,
      "type": "image/vnd.microsoft.icon"
    },
    {
      "IsNonResource": false,
      "type": "application/javascript"
    }
  ],
  "GeneralInfo": {
    "BrowserVersion": "",
    "IsWinInetMode": false,
    "MaxUsedConnections": 3,
    "RecordedBrowser": "Chrome",
    "RecordingDate": "Feb-24-2024",
    "RecordingDuration": 88938,
    "RecordingMode": "N/A",
    "RecordingTimeStamp": 1708750524,
    "RecordingType": "Browser",
    "TotalBytesReceived": 160590,
    "TotalBytesSent": 9704,
    "TotalRequests": 11,
    "UserAgent": "Mozilla/5.0 (Windows NT 10.0; Win64; x64) AppleWebKit/537.36 (KHTML, like Gecko) Chrome/121.0.0.0 Safari/537.36"
  },
  "HostInfo": [
    {
      "DomainName": "googleapis.com",
      "Domains": [
        {
          "HTTPVersion": "HTTP/1.1",
          "IP": "142.250.205.227",
          "IncludeInScript": false,
          "Name": "update.googleapis.com",
          "Port": 443,
          "Requests": [
            {
              "CompressionType": "gzip",
              "DataType": "application/json",
              "DownloadTime": 281,
              "EventId": 219,
              "HttpStatus": 200,
              "Size": 968,
              "URL": "https://update.googleapis.com/service/update2/json?cup2key=13:8HlcMC6VVSA3YlJR4E_Trt2MupYDp-mQa7oJE8ikg3c&cup2hreq=75d9a6bf9470b30319bda7c7ea21658a7a9815a1ff0ad62610cdc999ab3172b1"
            }
          ],
          "SSLCipher": "TLS_AES_256_GCM_SHA384",
          "SSLVersion": "TLS1.3"
        },
        {
          "HTTPVersion": "HTTP/1.1",
          "IP": "142.250.182.42",
          "IncludeInScript": false,
          "Name": "content-autofill.googleapis.com",
          "Port": 443,
          "Requests": [
            {
              "CompressionType": "gzip",
              "DataType": "text/plain",
              "DownloadTime": 109,
              "EventId": 212,
              "HttpStatus": 200,
              "Size": 45,
              "URL": "https://content-autofill.googleapis.com/v1/pages/ChVDaHJvbWUvMTIxLjAuNjE2Ny4xODUSIAn5bb_8zQXeYxIFDYOoWz0SBQ3OQUx6IWxrl7nWer1B?alt=proto"
            }
          ],
          "SSLCipher": "TLS_AES_256_GCM_SHA384",
          "SSLVersion": "TLS1.3"
        }
      ],
      "IncludeInScript": true
    },
    {
      "DomainName": "blazedemo.com",
      "Domains": [
        {
          "HTTPVersion": "HTTP/1.1",
          "IP": "216.239.38.21",
          "IncludeInScript": true,
          "Name": "blazedemo.com",
          "Port": 443,
          "Requests": [
            {
              "CompressionType": "",
              "DataType": "text/html",
              "DownloadTime": 563,
              "EventId": 223,
              "HttpStatus": 419,
              "Size": 1558,
              "URL": "https://blazedemo.com/login"
            },
            {
              "CompressionType": "gzip",
              "DataType": "text/css",
              "DownloadTime": 313,
              "EventId": 100,
              "HttpStatus": 200,
              "Size": 19714,
              "URL": "https://blazedemo.com/css/app.css"
            },
            {
              "CompressionType": "gzip",
              "DataType": "application/javascript",
              "DownloadTime": 297,
              "EventId": 96,
              "HttpStatus": 200,
              "Size": 98277,
              "URL": "https://blazedemo.com/js/app.js"
            },
            {
              "CompressionType": "gzip",
              "DataType": "text/html",
              "DownloadTime": 375,
              "EventId": 92,
              "HttpStatus": 200,
              "Size": 1148,
              "URL": "https://blazedemo.com/login"
            },
            {
              "CompressionType": "",
              "DataType": "text/html",
              "DownloadTime": 390,
              "EventId": 89,
              "HttpStatus": 302,
              "Size": 354,
              "URL": "https://blazedemo.com/home"
            },
            {
              "CompressionType": "",
              "DataType": "image/vnd.microsoft.icon",
              "DownloadTime": 281,
              "EventId": 87,
              "HttpStatus": 200,
              "Size": 0,
              "URL": "https://blazedemo.com/favicon.ico"
            },
            {
              "CompressionType": "gzip",
              "DataType": "application/javascript",
              "DownloadTime": 281,
              "EventId": 72,
              "HttpStatus": 200,
              "Size": 8241,
              "URL": "https://blazedemo.com/assets/bootstrap-table.js"
            },
            {
              "CompressionType": "gzip",
              "DataType": "text/css",
              "DownloadTime": 282,
              "EventId": 50,
              "HttpStatus": 200,
              "Size": 1008,
              "URL": "https://blazedemo.com/assets/bootstrap-table.css"
            },
            {
              "CompressionType": "gzip",
              "DataType": "text/css",
              "DownloadTime": 297,
              "EventId": 48,
              "HttpStatus": 200,
              "Size": 20845,
              "URL": "https://blazedemo.com/assets/bootstrap.min.css"
            },
            {
              "CompressionType": "gzip",
              "DataType": "application/javascript",
              "DownloadTime": 282,
              "EventId": 37,
              "HttpStatus": 200,
              "Size": 7611,
              "URL": "https://blazedemo.com/assets/bootstrap.min.js"
            },
            {
              "CompressionType": "gzip",
              "DataType": "text/html",
              "DownloadTime": 390,
              "EventId": 25,
              "HttpStatus": 200,
              "Size": 1834,
              "URL": "https://blazedemo.com/"
            }
          ],
          "SSLCipher": "TLS_AES_256_GCM_SHA384",
          "SSLVersion": "TLS1.3"
        }
      ],
      "IncludeInScript": true
    }
  ],
  "WebSocket": {
    "IncludeInScript": false,
    "IsScriptIncludeWebSocket": false
  },
  "NumberOfCorrelations": 0
}