[
    {
        "actionName": "Action",
        "steps": [
            {
                "stepId": "STEP1",
                "stepName": "Url: katalon-demo-cura.herokuapp.com",
                "infFile": "t2.inf",
                "time": 1707300621272
            },
            {
                "stepId": "STEP2",
                "stepName": "Url: Login",
                "infFile": "t3.inf",
                "time": 1707300625892
            },
            {
                "stepId": "STEP3",
                "stepName": "Submit Data: authenticate.php",
                "infFile": "t4.inf",
                "time": 1707300627604
            },
            {
                "stepId": "STEP4",
                "stepName": "Custom Request: json",
                "infFile": "t5.inf",
                "time": 1707300628032
            },
            {
                "stepId": "STEP5",
                "stepName": "Submit Data: appointment.php",
                "infFile": "t6.inf",
                "time": 1707300628340
            },
            {
                "stepId": "STEP6",
                "stepName": "Url: Logout",
                "infFile": "t7.inf",
                "time": 1707300629572
            }
        ],
        "transactions": []
    }
]