timeStamp,elapsed,label,responseCode,responseMessage,threadName,dataType,success,failureMessage,bytes,sentBytes,grpThreads,allThreads,URL,Latency,IdleTime,Connect
1707548661201,1873,home/-68,200,OK,Load_Test 1-1,text,true,,2048,712,1,1,https://thinking-tester-contact-list.herokuapp.com/,1873,0,1524
1707548663101,329,signup/addUser-84,200,OK,Load_Test 1-1,text,true,,1902,762,2,2,https://thinking-tester-contact-list.herokuapp.com/addUser,329,0,0
1707548663434,337,signup/users-201,400,Bad Request,Load_Test 1-1,text,false,,1107,777,2,2,https://thinking-tester-contact-list.herokuapp.com/users,337,0,0
1707548663774,372,new/contactList-210,200,OK,Load_Test 1-1,text,true,,1589,799,2,2,https://thinking-tester-contact-list.herokuapp.com/contactList,372,0,0
1707548663137,1348,home/-68,200,OK,Load_Test 1-2,text,true,,2052,712,2,2,https://thinking-tester-contact-list.herokuapp.com/,1348,0,1023
1707548664147,356,new/contacts-237,400,Bad Request,Load_Test 1-1,text,false,,1151,1095,2,2,https://thinking-tester-contact-list.herokuapp.com/contacts,356,0,0
1707548664487,340,signup/addUser-84,200,OK,Load_Test 1-2,text,true,,1910,762,2,2,https://thinking-tester-contact-list.herokuapp.com/addUser,340,0,0
1707548664504,411,new/contacts-243,200,OK,Load_Test 1-1,text,true,,14927,790,2,2,https://thinking-tester-contact-list.herokuapp.com/contacts,411,0,0
1707548664830,325,signup/users-201,400,Bad Request,Load_Test 1-2,text,false,,1115,777,3,3,https://thinking-tester-contact-list.herokuapp.com/users,325,0,0
1707548664919,336,added/img/thinkingTesterIcon.png-255,200,OK,Load_Test 1-1,bin,true,,1989,667,3,3,https://thinking-tester-contact-list.herokuapp.com/img/thinkingTesterIcon.png,336,0,0
1707548665156,325,new/contactList-210,200,OK,Load_Test 1-2,text,true,,1593,799,2,2,https://thinking-tester-contact-list.herokuapp.com/contactList,324,0,0
1707548665484,331,new/contacts-237,400,Bad Request,Load_Test 1-2,text,false,,1147,1095,2,2,https://thinking-tester-contact-list.herokuapp.com/contacts,331,0,0
1707548665817,424,new/contacts-243,200,OK,Load_Test 1-2,text,true,,14923,790,2,2,https://thinking-tester-contact-list.herokuapp.com/contacts,423,0,0
1707548665133,1333,home/-68,200,OK,Load_Test 1-3,text,true,,2044,712,2,2,https://thinking-tester-contact-list.herokuapp.com/,1333,0,1007
1707548666243,333,added/img/thinkingTesterIcon.png-255,200,OK,Load_Test 1-2,bin,true,,1985,667,2,2,https://thinking-tester-contact-list.herokuapp.com/img/thinkingTesterIcon.png,333,0,0
1707548666469,325,signup/addUser-84,200,OK,Load_Test 1-3,text,true,,1902,762,1,1,https://thinking-tester-contact-list.herokuapp.com/addUser,325,0,0
1707548666797,336,signup/users-201,400,Bad Request,Load_Test 1-3,text,false,,1107,777,2,2,https://thinking-tester-contact-list.herokuapp.com/users,336,0,0
1707548667134,328,new/contactList-210,200,OK,Load_Test 1-3,text,true,,1589,799,2,2,https://thinking-tester-contact-list.herokuapp.com/contactList,327,0,0
1707548667133,460,home/-68,200,OK,Load_Test 1-4,text,true,,2044,712,2,2,https://thinking-tester-contact-list.herokuapp.com/,460,0,130
1707548667464,329,new/contacts-237,400,Bad Request,Load_Test 1-3,text,false,,1143,1095,2,2,https://thinking-tester-contact-list.herokuapp.com/contacts,329,0,0
1707548667597,332,signup/addUser-84,200,OK,Load_Test 1-4,text,true,,1902,762,2,2,https://thinking-tester-contact-list.herokuapp.com/addUser,332,0,0
1707548667795,402,new/contacts-243,200,OK,Load_Test 1-3,text,true,,14919,790,2,2,https://thinking-tester-contact-list.herokuapp.com/contacts,402,0,0
1707548667931,395,signup/users-201,400,Bad Request,Load_Test 1-4,text,false,,1107,777,2,2,https://thinking-tester-contact-list.herokuapp.com/users,395,0,0
1707548668200,323,added/img/thinkingTesterIcon.png-255,200,OK,Load_Test 1-3,bin,true,,1985,667,2,2,https://thinking-tester-contact-list.herokuapp.com/img/thinkingTesterIcon.png,323,0,0
1707548668328,331,new/contactList-210,200,OK,Load_Test 1-4,text,true,,1589,799,1,1,https://thinking-tester-contact-list.herokuapp.com/contactList,331,0,0
1707548668662,420,new/contacts-237,400,Bad Request,Load_Test 1-4,text,false,,1143,1095,1,1,https://thinking-tester-contact-list.herokuapp.com/contacts,420,0,0
1707548669129,463,home/-68,200,OK,Load_Test 1-5,text,true,,2048,712,2,2,https://thinking-tester-contact-list.herokuapp.com/,463,0,139
1707548669084,722,new/contacts-243,200,OK,Load_Test 1-4,text,true,,14923,790,2,2,https://thinking-tester-contact-list.herokuapp.com/contacts,722,0,0
1707548669594,324,signup/addUser-84,200,OK,Load_Test 1-5,text,true,,1906,762,2,2,https://thinking-tester-contact-list.herokuapp.com/addUser,324,0,0
1707548669810,332,added/img/thinkingTesterIcon.png-255,200,OK,Load_Test 1-4,bin,true,,1989,667,2,2,https://thinking-tester-contact-list.herokuapp.com/img/thinkingTesterIcon.png,331,0,0
1707548669919,551,signup/users-201,400,Bad Request,Load_Test 1-5,text,false,,1127,777,1,1,https://thinking-tester-contact-list.herokuapp.com/users,551,0,0
1707548670472,326,new/contactList-210,200,OK,Load_Test 1-5,text,true,,1609,799,1,1,https://thinking-tester-contact-list.herokuapp.com/contactList,326,0,0
1707548670800,380,new/contacts-237,400,Bad Request,Load_Test 1-5,text,false,,1163,1095,2,2,https://thinking-tester-contact-list.herokuapp.com/contacts,380,0,0
1707548671128,471,home/-68,200,OK,Load_Test 1-6,text,true,,2044,712,2,2,https://thinking-tester-contact-list.herokuapp.com/,471,0,127
1707548671181,687,new/contacts-243,200,OK,Load_Test 1-5,text,true,,14919,790,2,2,https://thinking-tester-contact-list.herokuapp.com/contacts,687,0,0
1707548671603,339,signup/addUser-84,200,OK,Load_Test 1-6,text,true,,1902,762,2,2,https://thinking-tester-contact-list.herokuapp.com/addUser,339,0,0
1707548671873,323,added/img/thinkingTesterIcon.png-255,200,OK,Load_Test 1-5,bin,true,,2001,667,2,2,https://thinking-tester-contact-list.herokuapp.com/img/thinkingTesterIcon.png,323,0,0
1707548671943,332,signup/users-201,400,Bad Request,Load_Test 1-6,text,false,,1123,777,1,1,https://thinking-tester-contact-list.herokuapp.com/users,332,0,0
1707548672277,332,new/contactList-210,200,OK,Load_Test 1-6,text,true,,1605,799,1,1,https://thinking-tester-contact-list.herokuapp.com/contactList,332,0,0
1707548672612,486,new/contacts-237,400,Bad Request,Load_Test 1-6,text,false,,1159,1095,1,1,https://thinking-tester-contact-list.herokuapp.com/contacts,486,0,0
1707548673124,460,home/-68,200,OK,Load_Test 1-7,text,true,,2052,712,2,2,https://thinking-tester-contact-list.herokuapp.com/,460,0,135
1707548673099,698,new/contacts-243,200,OK,Load_Test 1-6,text,true,,14927,790,2,2,https://thinking-tester-contact-list.herokuapp.com/contacts,697,0,0
1707548673586,321,signup/addUser-84,200,OK,Load_Test 1-7,text,true,,1910,762,2,2,https://thinking-tester-contact-list.herokuapp.com/addUser,321,0,0
1707548673800,332,added/img/thinkingTesterIcon.png-255,200,OK,Load_Test 1-6,bin,true,,1993,667,2,2,https://thinking-tester-contact-list.herokuapp.com/img/thinkingTesterIcon.png,332,0,0
1707548673908,324,signup/users-201,400,Bad Request,Load_Test 1-7,text,false,,1119,777,1,1,https://thinking-tester-contact-list.herokuapp.com/users,324,0,0
1707548674234,321,new/contactList-210,200,OK,Load_Test 1-7,text,true,,1601,799,1,1,https://thinking-tester-contact-list.herokuapp.com/contactList,321,0,0
1707548674556,330,new/contacts-237,400,Bad Request,Load_Test 1-7,text,false,,1155,1095,1,1,https://thinking-tester-contact-list.herokuapp.com/contacts,330,0,0
1707548674887,690,new/contacts-243,200,OK,Load_Test 1-7,text,true,,14931,790,2,2,https://thinking-tester-contact-list.herokuapp.com/contacts,689,0,0
1707548675124,474,home/-68,200,OK,Load_Test 1-8,text,true,,2056,712,2,2,https://thinking-tester-contact-list.herokuapp.com/,474,0,127
1707548675599,323,signup/addUser-84,200,OK,Load_Test 1-8,text,true,,1914,762,2,2,https://thinking-tester-contact-list.herokuapp.com/addUser,322,0,0
1707548675579,390,added/img/thinkingTesterIcon.png-255,200,OK,Load_Test 1-7,bin,true,,1997,667,2,2,https://thinking-tester-contact-list.herokuapp.com/img/thinkingTesterIcon.png,390,0,0
1707548675923,328,signup/users-201,400,Bad Request,Load_Test 1-8,text,false,,1123,777,1,1,https://thinking-tester-contact-list.herokuapp.com/users,327,0,0
1707548676253,325,new/contactList-210,200,OK,Load_Test 1-8,text,true,,1605,799,1,1,https://thinking-tester-contact-list.herokuapp.com/contactList,325,0,0
1707548676580,329,new/contacts-237,400,Bad Request,Load_Test 1-8,text,false,,1159,1095,1,1,https://thinking-tester-contact-list.herokuapp.com/contacts,329,0,0
1707548676911,405,new/contacts-243,200,OK,Load_Test 1-8,text,true,,14927,790,2,2,https://thinking-tester-contact-list.herokuapp.com/contacts,405,0,0
1707548677124,455,home/-68,200,OK,Load_Test 1-9,text,true,,2052,712,2,2,https://thinking-tester-contact-list.herokuapp.com/,455,0,131
1707548677317,331,added/img/thinkingTesterIcon.png-255,200,OK,Load_Test 1-8,bin,true,,1993,667,2,2,https://thinking-tester-contact-list.herokuapp.com/img/thinkingTesterIcon.png,331,0,0
1707548677581,323,signup/addUser-84,200,OK,Load_Test 1-9,text,true,,1910,762,1,1,https://thinking-tester-contact-list.herokuapp.com/addUser,323,0,0
1707548677906,326,signup/users-201,400,Bad Request,Load_Test 1-9,text,false,,1111,777,1,1,https://thinking-tester-contact-list.herokuapp.com/users,326,0,0
1707548678233,324,new/contactList-210,200,OK,Load_Test 1-9,text,true,,1593,799,1,1,https://thinking-tester-contact-list.herokuapp.com/contactList,324,0,0
1707548678559,327,new/contacts-237,400,Bad Request,Load_Test 1-9,text,false,,1147,1095,1,1,https://thinking-tester-contact-list.herokuapp.com/contacts,327,0,0
1707548678886,408,new/contacts-243,200,OK,Load_Test 1-9,text,true,,14927,790,2,2,https://thinking-tester-contact-list.herokuapp.com/contacts,408,0,0
1707548679117,450,home/-68,200,OK,Load_Test 1-10,text,true,,2052,712,2,2,https://thinking-tester-contact-list.herokuapp.com/,450,0,126
1707548679296,330,added/img/thinkingTesterIcon.png-255,200,OK,Load_Test 1-9,bin,true,,1993,667,2,2,https://thinking-tester-contact-list.herokuapp.com/img/thinkingTesterIcon.png,330,0,0
1707548679568,322,signup/addUser-84,200,OK,Load_Test 1-10,text,true,,1910,762,1,1,https://thinking-tester-contact-list.herokuapp.com/addUser,322,0,0
1707548679892,328,signup/users-201,400,Bad Request,Load_Test 1-10,text,false,,1107,777,1,1,https://thinking-tester-contact-list.herokuapp.com/users,328,0,0
1707548680222,325,new/contactList-210,200,OK,Load_Test 1-10,text,true,,1589,799,1,1,https://thinking-tester-contact-list.herokuapp.com/contactList,325,0,0
1707548680548,332,new/contacts-237,400,Bad Request,Load_Test 1-10,text,false,,1143,1095,1,1,https://thinking-tester-contact-list.herokuapp.com/contacts,332,0,0
1707548680881,451,new/contacts-243,200,OK,Load_Test 1-10,text,true,,14923,790,1,1,https://thinking-tester-contact-list.herokuapp.com/contacts,451,0,0
1707548681334,323,added/img/thinkingTesterIcon.png-255,200,OK,Load_Test 1-10,bin,true,,1989,667,1,1,https://thinking-tester-contact-list.herokuapp.com/img/thinkingTesterIcon.png,323,0,0
