<?xml version="1.0" encoding="utf-8"?>
<VugenScriptMetadata>
  <ScriptName>ThinkContactScript</ScriptName>
  <Protocol>Web - HTTP/HTML</Protocol>
  <ActionFiles>
    <FileEntry Name="vuser_init.c" Filter="2" />
    <FileEntry Name="Action.c" Filter="2" />
    <FileEntry Name="vuser_end.c" Filter="2" />
  </ActionFiles>
  <GeneralFiles>
    <FileEntry Name="ThinkContactScript.usr" Filter="4" />
    <FileEntry Name="default.cfg" Filter="4" />
    <FileEntry Name="default.usp" Filter="4" />
    <FileEntry Name="ThinkContactScript.prm" Filter="2" />
    <FileEntry Name="globals.h" Filter="2" />
    <FileEntry Name="signup.dat" Filter="2" />
    <FileEntry Name="combined_ThinkContactScript.c" Filter="2" />
    <FileEntry Name="pre_cci.c" Filter="2" />
    <FileEntry Name="43587572440.idx" Filter="1" />
    <FileEntry Name="4358757244_fDQ.343.idx" Filter="1" />
    <FileEntry Name="4358757244_LhL.779.idx" Filter="1" />
    <FileEntry Name="55852756440.idx" Filter="1" />
    <FileEntry Name="5585275644_6th.561.idx" Filter="1" />
    <FileEntry Name="5585275644_CJ8.473.idx" Filter="1" />
    <FileEntry Name="5585275644_Fzw.353.idx" Filter="1" />
    <FileEntry Name="5585275644_lGV.189.idx" Filter="1" />
    <FileEntry Name="5585275644_ME2.629.idx" Filter="1" />
    <FileEntry Name="5585275644_yPs.705.idx" Filter="1" />
    <FileEntry Name="Bookmarks.xml" Filter="1" />
    <FileEntry Name="Breakpoints.xml" Filter="1" />
    <FileEntry Name="CompilerLogMetadata.xml" Filter="1" />
    <FileEntry Name="custom_body_variables.txt" Filter="1" />
    <FileEntry Name="data.zip" Filter="1" />
    <FileEntry Name="firstname.dat" Filter="1" />
    <FileEntry Name="frstname.dat" Filter="1" />
    <FileEntry Name="logfile.log" Filter="1" />
    <FileEntry Name="lrw_custom_body.h" Filter="1" />
    <FileEntry Name="mdrv.log" Filter="1" />
    <FileEntry Name="mdrv_cmd.txt" Filter="1" />
    <FileEntry Name="options.txt" Filter="1" />
    <FileEntry Name="output.bak" Filter="1" />
    <FileEntry Name="output.txt" Filter="1" />
    <FileEntry Name="OutputColoringDatabase.json" Filter="1" />
    <FileEntry Name="ReplaySummaryReport.xml" Filter="1" />
    <FileEntry Name="ScriptUploadMetadata.xml" Filter="1" />
    <FileEntry Name="ThinkContactScript.c.pickle" Filter="1" />
    <FileEntry Name="ThinkContactScript.ci" Filter="1" />
    <FileEntry Name="ThinkContactScript.prm.bak" Filter="1" />
    <FileEntry Name="ThumbnailsCache.tmp" Filter="1" />
    <FileEntry Name="TransactionsData.db" Filter="1" />
    <FileEntry Name="UserTasks.xml" Filter="1" />
    <FileEntry Name="data\" Filter="1" />
    <FileEntry Name="result1\" Filter="1" />
  </GeneralFiles>
</VugenScriptMetadata>