[
    {
        "actionName": "Action",
        "steps": [
            {
                "stepId": "STEP2",
                "stepName": "Custom Request: login",
                "infFile": "t3.inf",
                "time": 1708942205577
            },
            {
                "stepId": "STEP3",
                "stepName": "Url: contactList",
                "infFile": "t4.inf",
                "time": 1708942206165
            },
            {
                "stepId": "STEP4",
                "stepName": "Custom Request: contacts",
                "infFile": "t5.inf",
                "time": 1708942206755
            }
        ],
        "transactions": []
    }
]