[
    {
        "actionName": "vuser_end",
        "steps": [
            {
                "stepId": "STEP5",
                "stepName": "Url: logout",
                "infFile": "t6.inf",
                "time": 1708942207439
            },
            {
                "stepId": "STEP6",
                "stepName": "Url: thinking-tester-contact-list.herokuapp.com_2",
                "infFile": "t8.inf",
                "time": 1708942208292
            }
        ],
        "transactions": []
    }
]