{"OutputFileHashSum":"FA145A59FA0DB7F62958B9EF1B46B7ADA628D60951B3CB8AD084A278B6502A55","Converted":true,"OutputModifyDate":"2024-02-08T07:34:45.5048534Z","Metadatas":[{"CategoryName":"VuGen.Replay","Offset":535,"Length":23,"TypeId":1},{"CategoryName":"VuGen.Replay","Offset":2660,"Length":90,"TypeId":2},{"CategoryName":"VuGen.Replay","Offset":2750,"Length":83,"TypeId":2},{"CategoryName":"VuGen.Replay","Offset":2833,"Length":83,"TypeId":2},{"CategoryName":"VuGen.Replay","Offset":2916,"Length":83,"TypeId":2},{"CategoryName":"VuGen.Replay","Offset":2999,"Length":83,"TypeId":2},{"CategoryName":"VuGen.Replay","Offset":3082,"Length":83,"TypeId":2},{"CategoryName":"VuGen.Replay","Offset":3165,"Length":83,"TypeId":2},{"CategoryName":"VuGen.Replay","Offset":5737,"Length":250,"TypeId":2},{"CategoryName":"VuGen.Replay","Offset":8281,"Length":21,"TypeId":1}],"MetadataTypes":[{"CategoryName":"VuGen.Replay","MetadataTypeName":"HP.LR.Vugen.Iteration","Id":1},{"CategoryName":"VuGen.Replay","MetadataTypeName":"Utt.Debugger.Warning","Id":2},{"CategoryName":"VuGen.Replay","MetadataTypeName":"Utt.Debugger.Error","Id":3}]}