<?xml version="1.0" encoding="utf-8"?>
<VugenScriptMetadata>
  <ScriptName>Script1</ScriptName>
  <Protocol>Web - HTTP/HTML</Protocol>
  <ActionFiles>
    <FileEntry Name="vuser_init.c" Filter="2" />
    <FileEntry Name="Action.c" Filter="2" />
    <FileEntry Name="vuser_end.c" Filter="2" />
  </ActionFiles>
  <GeneralFiles>
    <FileEntry Name="Script1.usr" Filter="4" />
    <FileEntry Name="default.cfg" Filter="4" />
    <FileEntry Name="default.usp" Filter="4" />
    <FileEntry Name="Script1.prm" Filter="2" />
    <FileEntry Name="globals.h" Filter="2" />
    <FileEntry Name="Log_Cred.dat" Filter="2" />
    <FileEntry Name="combined_Script1.c" Filter="2" />
    <FileEntry Name="pre_cci.c" Filter="2" />
    <FileEntry Name="107057627440.idx" Filter="1" />
    <FileEntry Name="137719418440.idx" Filter="1" />
    <FileEntry Name="187151252440.idx" Filter="1" />
    <FileEntry Name="18715125244_6B5.363.idx" Filter="1" />
    <FileEntry Name="18715125244_8Ev.562.idx" Filter="1" />
    <FileEntry Name="18715125244_cUZ.673.idx" Filter="1" />
    <FileEntry Name="18715125244_DnR.561.idx" Filter="1" />
    <FileEntry Name="18715125244_DPN.77.idx" Filter="1" />
    <FileEntry Name="18715125244_N4A.463.idx" Filter="1" />
    <FileEntry Name="18715125244_qgO.564.idx" Filter="1" />
    <FileEntry Name="18715125244_vSs.539.idx" Filter="1" />
    <FileEntry Name="18715125244_wFe.953.idx" Filter="1" />
    <FileEntry Name="Bookmarks.xml" Filter="1" />
    <FileEntry Name="Breakpoints.xml" Filter="1" />
    <FileEntry Name="CompilerLogMetadata.xml" Filter="1" />
    <FileEntry Name="custom_body_variables.txt" Filter="1" />
    <FileEntry Name="logfile.log" Filter="1" />
    <FileEntry Name="Login_cred.dat" Filter="1" />
    <FileEntry Name="Login_Credential.dat" Filter="1" />
    <FileEntry Name="lrw_custom_body.h" Filter="1" />
    <FileEntry Name="mdrv.log" Filter="1" />
    <FileEntry Name="mdrv_cmd.txt" Filter="1" />
    <FileEntry Name="options.txt" Filter="1" />
    <FileEntry Name="output.bak" Filter="1" />
    <FileEntry Name="output.txt" Filter="1" />
    <FileEntry Name="OutputColoringDatabase.json" Filter="1" />
    <FileEntry Name="ReplaySummaryReport.xml" Filter="1" />
    <FileEntry Name="Script1.c.pickle" Filter="1" />
    <FileEntry Name="Script1.ci" Filter="1" />
    <FileEntry Name="Script1.prm.bak" Filter="1" />
    <FileEntry Name="ScriptUploadMetadata.xml" Filter="1" />
    <FileEntry Name="ThumbnailsCache.tmp" Filter="1" />
    <FileEntry Name="TransactionsData.db" Filter="1" />
    <FileEntry Name="Username(1).dat" Filter="1" />
    <FileEntry Name="Username.dat" Filter="1" />
    <FileEntry Name="UserTasks.xml" Filter="1" />
    <FileEntry Name="data\" Filter="1" />
    <FileEntry Name="result1\" Filter="1" />
  </GeneralFiles>
</VugenScriptMetadata>